{
  "project_info": {
    "project_number": "922920819001",
    "project_id": "angelopoulos-hair-9ec23",
    "storage_bucket": "angelopoulos-hair-9ec23.firebasestorage.app"
  },
  "client": [
    {
      "client_info": {
        "mobilesdk_app_id": "1:922920819001:android:32bc0b187273e6308030e8",
        "android_client_info": {
          "package_name": "com.example.loyalty_app"
        }
      },
      "oauth_client": [],
      "api_key": [
        {
          "current_key": "AIzaSyCGQY5ThMGppq7QjsMVPUHFHIlTJ1yx-iI"
        }
      ],
      "services": {
        "appinvite_service": {
          "other_platform_oauth_client": []
        }
      }
    }
  ],
  "configuration_version": "1"
}